{"cameraMode":{"drawMode":0,"name":"Shaded","section":"Shading Mode"},"sceneLighting":true,"audioPlay":false,"sceneViewState":{"m_AlwaysRefresh":false,"showFog":true,"showSkybox":true,"showFlares":true,"showImageEffects":true,"showParticleSystems":true,"showVisualEffectGraphs":true,"m_FxEnabled":true},"in2DMode":false,"pivot":{"x":2.795013427734375,"y":3.5204992294311525,"z":-188.3453369140625},"rotation":{"x":0.23584331572055818,"y":0.19235706329345704,"z":-0.04768485948443413,"w":0.9513695240020752},"size":5.535623550415039,"orthographic":true}