{"cameraMode":{"drawMode":0,"name":"Shaded","section":"Shading Mode"},"sceneLighting":true,"audioPlay":false,"sceneViewState":{"m_AlwaysRefresh":false,"showFog":true,"showSkybox":true,"showFlares":true,"showImageEffects":true,"showParticleSystems":true,"showVisualEffectGraphs":true,"m_FxEnabled":true},"in2DMode":false,"pivot":{"x":-439.0610046386719,"y":-128.79071044921876,"z":-462.9423522949219},"rotation":{"x":0.023403305560350419,"y":-0.9502444863319397,"z":0.30177178978919985,"w":0.07369453459978104},"size":142.4563751220703,"orthographic":true}