{"cameraMode":{"drawMode":0,"name":"Shaded","section":"Shading Mode"},"sceneLighting":true,"audioPlay":false,"sceneViewState":{"m_AlwaysRefresh":false,"showFog":true,"showSkybox":true,"showFlares":true,"showImageEffects":true,"showParticleSystems":true,"showVisualEffectGraphs":true,"m_FxEnabled":true},"in2DMode":false,"pivot":{"x":-46.366905212402347,"y":187.01483154296876,"z":-144.8895721435547},"rotation":{"x":-0.0038912442978471519,"y":0.9443431496620178,"z":-0.3288502097129822,"w":-0.011060998775064946},"size":283.5679931640625,"orthographic":true}