{"cameraMode":{"drawMode":0,"name":"Shaded","section":"Shading Mode"},"sceneLighting":true,"audioPlay":false,"sceneViewState":{"m_AlwaysRefresh":false,"showFog":true,"showSkybox":true,"showFlares":true,"showImageEffects":true,"showParticleSystems":true,"showVisualEffectGraphs":true,"m_FxEnabled":true},"in2DMode":false,"pivot":{"x":456.3067626953125,"y":136.73280334472657,"z":19.720823287963868},"rotation":{"x":-0.2536589205265045,"y":0.016825299710035325,"z":-0.004404768813401461,"w":-0.9671501517295837},"size":315.7483825683594,"orthographic":true}