{"cameraMode":{"drawMode":0,"name":"Shaded","section":"Shading Mode"},"sceneLighting":true,"audioPlay":false,"sceneViewState":{"m_AlwaysRefresh":false,"showFog":true,"showSkybox":true,"showFlares":true,"showImageEffects":true,"showParticleSystems":true,"showVisualEffectGraphs":true,"m_FxEnabled":true},"in2DMode":false,"pivot":{"x":374.9786682128906,"y":257.84747314453127,"z":20.019493103027345},"rotation":{"x":-0.19141016900539399,"y":-0.0020673165563493969,"z":0.0004079817736055702,"w":-0.9815176129341126},"size":296.57135009765627,"orthographic":true}