{"cameraMode":{"drawMode":0,"name":"Shaded","section":"Shading Mode"},"sceneLighting":true,"audioPlay":false,"sceneViewState":{"m_AlwaysRefresh":false,"showFog":true,"showSkybox":true,"showFlares":true,"showImageEffects":true,"showParticleSystems":true,"showVisualEffectGraphs":true,"m_FxEnabled":true},"in2DMode":false,"pivot":{"x":-5.341790676116943,"y":-0.054205894470214847,"z":-174.9171905517578},"rotation":{"x":0.333913654088974,"y":-0.015552065335214138,"z":0.005509985610842705,"w":0.9424606561660767},"size":9.158565521240235,"orthographic":true}